№;Город;Регион;Федеральный округ;Население;Основание или первое упоминание
604;Москва ;Москва ;Центральный ;11514330;1147
825;Санкт-Петербург ;Санкт-Петербург ;Северо-Западный ;4848742;1703
671;Новосибирск ;Новосибирская область ;Сибирский ;1498921;1893
275;Екатеринбург ;Свердловская область ;Уральский ;1377738;1723
646;Нижний Новгород ;Нижегородская область ;Приволжский ;1250615;1221
352;Казань ;Татарстан ;Приволжский ;1216965;1005
824;Самара ;Самарская область ;Приволжский ;1164900;1586
708;Омск ;Омская область ;Сибирский ;1154000;1716
1045;Челябинск ;Челябинская область ;Уральский ;1130273;1736
806;Ростов-на-Дону ;Ростовская область ;Южный ;1091544;1749
1011;Уфа ;Башкортостан ;Приволжский ;1062300;1574
169;Волгоград ;Волгоградская область ;Южный ;1021244;1589
740;Пермь ;Пермский край ;Приволжский ;1000679;1723
477;Красноярск ;Красноярский край ;Сибирский ;973826;1628
182;Воронеж ;Воронежская область ;Центральный ;889680;1586
828;Саратов ;Саратовская область ;Приволжский ;836900;1590
465;Краснодар ;Краснодарский край ;Южный ;744933;1793
962;Тольятти ;Самарская область ;Приволжский ;719484;1737
73;Барнаул ;Алтайский край ;Сибирский ;635585;1730
334;Ижевск ;Удмуртия ;Приволжский ;628117;1760
993;Ульяновск ;Ульяновская область ;Приволжский ;613793;1648
166;Владивосток ;Приморский край ;Дальневосточный ;592069;1860
1111;Ярославль ;Ярославская область ;Центральный ;591486;1010
344;Иркутск ;Иркутская область ;Сибирский ;587225;1661
984;Тюмень ;Тюменская область ;Уральский ;581758;1586
569;Махачкала ;Дагестан ;Северо-Кавказский ;577990;1844
1022;Хабаровск ;Хабаровский край ;Дальневосточный ;577668;1858
713;Оренбург ;Оренбургская область ;Приволжский ;570329;1743
664;Новокузнецк ;Кемеровская область ;Сибирский ;547885;1618
393;Кемерово ;Кемеровская область ;Сибирский ;532884;1918
818;Рязань ;Рязанская область ;Центральный ;525062;1095
965;Томск ;Томская область ;Сибирский ;522940;1604
52;Астрахань ;Астраханская область ;Южный ;520662;1558
734;Пенза ;Пензенская область ;Приволжский ;519592;1663
613;Набережные Челны ;Татарстан ;Приволжский ;513242;1626
530;Липецк ;Липецкая область ;Центральный ;508124;1703
976;Тула ;Тульская область ;Центральный ;501129;1146
410;Киров ;Кировская область ;Приволжский ;473668;1181
1042;Чебоксары ;Чувашия ;Приволжский ;447929;1469
992;Улан-Удэ ;Бурятия ;Сибирский ;431922;1666
356;Калининград ;Калининградская область ;Северо-Западный ;431491;1255
132;Брянск ;Брянская область ;Центральный ;415640;985
502;Курск ;Курская область ;Центральный ;414595;1032
330;Иваново ;Ивановская область ;Центральный ;409277;1561
552;Магнитогорск ;Челябинская область ;Уральский ;408401;1929
950;Тверь ;Тверская область ;Центральный ;403726;1135
907;Ставрополь ;Ставропольский край ;Северо-Кавказский ;398266;1777
842;Севастополь ;Севастополь ;Южный ;393304;1783
647;Нижний Тагил ;Свердловская область ;Уральский ;361883;1722
80;Белгород ;Белгородская область ;Центральный ;356426;1596
49;Архангельск ;Архангельская область ;Северо-Западный ;348716;1584
168;Владимир ;Владимирская область ;Центральный ;348256;990
898;Сочи ;Краснодарский край ;Южный ;343285;1838
497;Курган ;Курганская область ;Уральский ;333640;1679
865;Симферополь ;Крым ;Южный ;332317;1784
874;Смоленск ;Смоленская область ;Центральный ;326863;863
359;Калуга ;Калужская область ;Центральный ;325185;1371
1058;Чита ;Забайкальский край ;Сибирский ;323964;1653
826;Саранск ;Мордовия ;Приволжский ;318841;1641
712;Орёл ;Орловская область ;Центральный ;317854;1566
173;Волжский ;Волгоградская область ;Южный ;314436;1951
1049;Череповец ;Вологодская область ;Северо-Западный ;312311;1777
167;Владикавказ ;Северная Осетия — Алания ;Северо-Кавказский ;311635;1784
607;Мурманск ;Мурманская область ;Северо-Западный ;307664;1916
927;Сургут ;Ханты-Мансийский АО — Югра ;Уральский ;306703;1594
174;Вологда ;Вологодская область ;Северо-Западный ;301642;1147
944;Тамбов ;Тамбовская область ;Центральный ;280457;1636
914;Стерлитамак ;Башкортостан ;Приволжский ;273432;1766
222;Грозный ;Чечня ;Северо-Кавказский ;271596;1818
1105;Якутск ;Якутия ;Дальневосточный ;269486;1632
452;Кострома ;Костромская область ;Центральный ;268617;1152
437;Комсомольск-на-Амуре ;Хабаровский край ;Дальневосточный ;263906;1932
745;Петрозаводск ;Карелия ;Северо-Западный ;263540;1703
939;Таганрог ;Ростовская область ;Южный ;257692;1698
641;Нижневартовск ;Ханты-Мансийский АО — Югра ;Уральский ;251860;1909
350;Йошкар-Ола ;Марий Эл ;Приволжский ;248688;1584
130;Братск ;Иркутская область ;Сибирский ;246348;1631
670;Новороссийск ;Краснодарский край ;Южный ;241788;1838
249;Дзержинск ;Нижегородская область ;Приволжский ;240762;1606
1070;Шахты ;Ростовская область ;Южный ;240152;1805
620;Нальчик ;Кабардино-Балкария ;Северо-Кавказский ;240095;1724
716;Орск ;Оренбургская область ;Приволжский ;238006;1735
934;Сыктывкар ;Коми ;Северо-Западный ;235006;1780
642;Нижнекамск ;Татарстан ;Приволжский ;234108;1961
29;Ангарск ;Иркутская область ;Сибирский ;233765;1948
913;Старый Оскол ;Белгородская область ;Центральный ;221163;1593
145;Великий Новгород ;Новгородская область ;Северо-Западный ;218724;8—9 века
68;Балашиха ;Московская область ;Центральный ;215353;1830
108;Благовещенск ;Амурская область ;Дальневосточный ;214397;1856
780;Прокопьевск ;Кемеровская область ;Сибирский ;210150;1650
1030;Химки ;Московская область ;Центральный ;207125;1850
784;Псков ;Псковская область ;Северо-Западный ;203974;903
100;Бийск ;Алтайский край ;Сибирский ;203826;1709
1092;Энгельс ;Саратовская область ;Приволжский ;202838;1747
814;Рыбинск ;Ярославская область ;Центральный ;200771;1071
66;Балаково ;Саратовская область ;Приволжский ;199576;1762
845;Северодвинск ;Архангельская область ;Северо-Западный ;192265;1936
42;Армавир ;Краснодарский край ;Южный ;188897;1839
758;Подольск ;Московская область ;Центральный ;187956;1559
446;Королёв ;Московская область ;Центральный ;183452;1938
1096;Южно-Сахалинск ;Сахалинская область ;Дальневосточный ;181727;1882
746;Петропавловск-Камчатский ;Камчатский край ;Дальневосточный ;179526;1740
933;Сызрань ;Самарская область ;Приволжский ;178773;1683
686;Норильск ;Красноярский край ;Сибирский ;175301;1935
323;Златоуст ;Челябинская область ;Уральский ;174985;1754
364;Каменск-Уральский ;Свердловская область ;Уральский ;174710;1682
611;Мытищи ;Московская область ;Центральный ;173341;1460
546;Люберцы ;Московская область ;Центральный ;171978;1623
170;Волгодонск ;Ростовская область ;Южный ;170621;1950
680;Новочеркасск ;Ростовская область ;Южный ;169039;1805
2;Абакан ;Хакасия ;Сибирский ;165183;1931
625;Находка ;Приморский край ;Дальневосточный ;159695;1864
1004;Уссурийск ;Приморский край ;Дальневосточный ;157946;1866
96;Березники ;Пермский край ;Приволжский ;156350;1932
820;Салават ;Башкортостан ;Приволжский ;156085;1948
1089;Электросталь ;Московская область ;Центральный ;155324;1916
583;Миасс ;Челябинская область ;Уральский ;151812;1773
736;Первоуральск ;Свердловская область ;Уральский ;149800;1732
395;Керчь ;Крым ;Южный ;147033;7 — 6 век до н. э.
810;Рубцовск ;Алтайский край ;Сибирский ;146386;1892
25;Альметьевск ;Татарстан ;Приволжский ;146309;18 век
423;Ковров ;Владимирская область ;Центральный ;145492;12 век
432;Коломна ;Московская область ;Центральный ;144642;1177
553;Майкоп ;Адыгея ;Южный ;144055;1857
793;Пятигорск ;Ставропольский край ;Северо-Кавказский ;142397;1780
698;Одинцово ;Московская область ;Центральный ;139021;1470
442;Копейск ;Челябинская область ;Уральский ;137604;1907
1027;Хасавюрт ;Дагестан ;Северо-Кавказский ;133929;1846
667;Новомосковск ;Тульская область ;Центральный ;131227;1930
418;Кисловодск ;Ставропольский край ;Северо-Кавказский ;128502;1803
861;Серпухов ;Московская область ;Центральный ;126496;1339
679;Новочебоксарск ;Чувашия ;Приволжский ;124094;1960
639;Нефтеюганск ;Ханты-Мансийский АО — Югра ;Уральский ;123276;1961
253;Димитровград ;Ульяновская область ;Приволжский ;122549;1698
637;Нефтекамск ;Башкортостан ;Приволжский ;121757;1957
1050;Черкесск ;Карачаево-Черкесия ;Северо-Кавказский ;121439;1825
714;Орехово-Зуево ;Московская область ;Центральный ;120620;1917
246;Дербент ;Дагестан ;Северо-Кавказский ;119961;438
369;Камышин ;Волгоградская область ;Южный ;119924;1668
628;Невинномысск ;Ставропольский край ;Северо-Кавказский ;118351;1825
464;Красногорск ;Московская область ;Центральный ;116738;1932
608;Муром ;Владимирская область ;Центральный ;116078;862
75;Батайск ;Ростовская область ;Южный ;112400;1938
681;Новошахтинск ;Ростовская область ;Южный ;111087;1910
858;Сергиев Посад ;Московская область ;Центральный ;110878;1337
687;Ноябрьск ;Ямало-Ненецкий АО ;Уральский ;110572;1976
1085;Щёлково ;Московская область ;Центральный ;110380;16 век
508;Кызыл ;Тыва ;Сибирский ;109906;1914
703;Октябрьский ;Башкортостан ;Приволжский ;109379;1946
55;Ачинск ;Красноярский край ;Сибирский ;109156;1683
848;Северск ;Томская область ;Сибирский ;108466;1949
665;Новокуйбышевск ;Самарская область ;Приволжский ;108449;1946
277;Елец ;Липецкая область ;Центральный ;108404;1146
40;Арзамас ;Нижегородская область ;Приволжский ;106367;1552
272;Евпатория ;Крым ;Южный ;105719;497 год до н. э.
695;Обнинск ;Калужская область ;Центральный ;104798;1946
683;Новый Уренгой ;Ямало-Ненецкий АО ;Уральский ;104144;1975
386;Каспийск ;Дагестан ;Северо-Кавказский ;103914;1932
1091;Элиста ;Калмыкия ;Южный ;103728;1865
789;Пушкино ;Московская область ;Центральный ;102840;1499
297;Жуковский ;Московская область ;Центральный ;102729;1947
46;Артём ;Приморский край ;Дальневосточный ;102636;1924
576;Междуреченск ;Кемеровская область ;Сибирский ;101995;1946
522;Ленинск-Кузнецкий ;Кемеровская область ;Сибирский ;101666;1763
827;Сарапул ;Удмуртия ;Приволжский ;101390;1621
285;Ессентуки ;Ставропольский край ;Северо-Кавказский ;100969;1825
185;Воткинск ;Удмуртия ;Приволжский ;100034;1759
684;Ногинск ;Московская область ;Центральный ;99762;1389
960;Тобольск ;Тюменская область ;Уральский ;99698;1587
1012;Ухта ;Коми ;Северо-Западный ;99642;1929
860;Серов ;Свердловская область ;Уральский ;99381;1893
95;Бердск ;Новосибирская область ;Сибирский ;98809;1944
144;Великие Луки ;Псковская область ;Северо-Западный ;98778;1166
595;Мичуринск ;Тамбовская область ;Центральный ;98758;1635
417;Киселёвск ;Кемеровская область ;Сибирский ;98382;1917
674;Новотроицк ;Оренбургская область ;Приволжский ;97914;1920
318;Зеленодольск ;Татарстан ;Приволжский ;97651;1865
885;Соликамск ;Пермский край ;Приволжский ;97239;1430
797;Раменское ;Московская область ;Центральный ;96355;1378
261;Домодедово ;Московская область ;Центральный ;96123;1900
550;Магадан ;Магаданская область ;Дальневосточный ;95925;1929
209;Глазов ;Удмуртия ;Приволжский ;95835;1678
365;Каменск-Шахтинский ;Ростовская область ;Южный ;95306;1671
289;Железногорск ;Курская область ;Центральный ;95057;1957
373;Канск ;Красноярский край ;Сибирский ;94230;1636
618;Назрань ;Ингушетия ;Северо-Кавказский ;93357;1781
204;Гатчина ;Ленинградская область ;Северо-Западный ;92566;1499
829;Саров ;Нижегородская область ;Приволжский ;92073;1691
677;Новоуральск ;Свердловская область ;Уральский ;91813;1941
184;Воскресенск ;Московская область ;Центральный ;91301;1862
259;Долгопрудный ;Московская область ;Центральный ;90976;1931
133;Бугульма ;Татарстан ;Приволжский ;89144;1736
490;Кузнецк ;Пензенская область ;Приволжский ;88886;1699
226;Губкин ;Белгородская область ;Центральный ;88562;1939
403;Кинешма ;Ивановская область ;Центральный ;88113;1429
274;Ейск ;Краснодарский край ;Южный ;87771;1848
801;Реутов ;Московская область ;Центральный ;87195;15 век
1006;Усть-Илимск ;Иркутская область ;Сибирский ;86591;1966
288;Железногорск ;Красноярский край ;Сибирский ;85559;1950
1002;Усолье-Сибирское ;Иркутская область ;Сибирский ;83364;1669
1038;Чайковский ;Пермский край ;Приволжский ;82933;1955
9;Азов ;Ростовская область ;Южный ;82882;1067
136;Бузулук ;Оренбургская область ;Приволжский ;82816;1736
700;Озёрск ;Челябинская область ;Уральский ;82268;1945
69;Балашов ;Саратовская область ;Приволжский ;82222;17 век
1099;Юрга ;Кемеровская область ;Сибирский ;81536;1886
412;Кирово-Чепецк ;Кировская область ;Приволжский ;80920;1935
482;Кропоткин ;Краснодарский край ;Южный ;80743;1879
419;Клин ;Московская область ;Центральный ;80584;1317
188;Выборг ;Ленинградская область ;Северо-Западный ;80013;1293
1024;Ханты-Мансийск ;Ханты-Мансийский АО — Югра;Уральский ;79410;1582
972;Троицк ;Челябинская область ;Уральский ;78637;1743
124;Бор ;Нижегородская область ;Приволжский ;78079;14 век
1065;Шадринск ;Курганская область ;Уральский ;77744;1662
84;Белово ;Кемеровская область ;Сибирский ;76752;1726
1106;Ялта ;Крым ;Южный ;76746;1154
586;Минеральные Воды ;Ставропольский край ;Северо-Кавказский ;76715;1878
31;Анжеро-Судженск ;Кемеровская область ;Сибирский ;76669;1896
103;Биробиджан ;Еврейская АО ;Дальневосточный ;75419;1915
534;Лобня ;Московская область ;Центральный ;74350;1902
658;Новоалтайск ;Алтайский край ;Сибирский ;73134;1736
1039;Чапаевск ;Самарская область ;Приволжский ;72689;1909
208;Георгиевск ;Ставропольский край ;Северо-Кавказский ;72126;1777
1053;Черногорск ;Хакасия ;Сибирский ;72117;1936
587;Минусинск ;Красноярский край ;Сибирский ;71171;1739
594;Михайловск ;Ставропольский край ;Северо-Кавказский ;71018;1784
276;Елабуга ;Татарстан ;Приволжский ;70750;11 век
266;Дубна ;Московская область ;Центральный ;70569;1956
181;Воркута ;Коми ;Северо-Западный ;70551;1936
273;Егорьевск ;Московская область ;Центральный ;70133;1462
50;Асбест ;Свердловская область ;Уральский ;70067;1889
348;Ишим ;Тюменская область ;Уральский ;69567;1687
1016;Феодосия ;Крым ;Южный ;69038;6 век до н. э.
90;Белорецк ;Башкортостан ;Приволжский ;68804;1762
85;Белогорск ;Амурская область ;Дальневосточный ;68220;1860
495;Кунгур ;Пермский край ;Приволжский ;67857;1663
542;Лысьва ;Пермский край ;Приволжский ;67712;1785
229;Гуково ;Ростовская область ;Южный ;67268;1878
918;Ступино ;Московская область ;Центральный ;66942;1938
975;Туймазы ;Башкортостан ;Приволжский ;66849;1912
484;Кстово ;Нижегородская область ;Приволжский ;66641;15 век
180;Вольск ;Саратовская область ;Приволжский ;66520;1780
349;Ишимбай ;Башкортостан ;Приволжский ;66259;1815
316;Зеленогорск ;Красноярский край ;Сибирский ;66018;1956
896;Сосновый Бор ;Ленинградская область ;Северо-Западный ;65901;1958
139;Буйнакск ;Дагестан ;Северо-Кавказский ;65735;1834
126;Борисоглебск ;Воронежская область ;Центральный ;65585;1698
622;Наро-Фоминск ;Московская область ;Центральный ;64640;1840
135;Будённовск ;Ставропольский край ;Северо-Кавказский ;64628;1799
263;Донской ;Тульская область ;Центральный ;64561;1773
924;Сунжа ;Ингушетия ;Северо-Кавказский ;64493;1845
763;Полевской ;Свердловская область ;Уральский ;64316;1718
520;Лениногорск ;Татарстан ;Приволжский ;64145;1795
730;Павловский Посад ;Московская область ;Центральный ;63771;1328
870;Славянск-на-Кубани ;Краснодарский край ;Южный ;63768;1865
310;Заречный ;Пензенская область ;Приволжский ;63579;1958
974;Туапсе ;Краснодарский край ;Южный ;63233;1838
805;Россошь ;Воронежская область ;Центральный ;62865;17 век
212;Горно-Алтайск ;Алтай ;Сибирский ;62861;1830
494;Кумертау ;Башкортостан ;Приволжский ;62854;1947
511;Лабинск ;Краснодарский край ;Южный ;62822;1841
863;Сибай ;Башкортостан ;Приволжский ;62732;1913
420;Клинцы ;Брянская область ;Центральный ;62510;1707
802;Ржев ;Тверская область ;Центральный ;62026;1216
959;Тихорецк ;Краснодарский край ;Южный ;61825;1895
634;Нерюнгри ;Якутия ;Дальневосточный ;61746;1975
21;Алексин ;Тульская область ;Центральный ;61738;1348
799;Ревда ;Свердловская область ;Уральский ;61713;1734
17;Александров ;Владимирская область ;Центральный ;61544;14 век
255;Дмитров ;Московская область ;Центральный ;61454;1154
579;Мелеуз ;Башкортостан ;Приволжский ;61408;18 век
823;Сальск ;Ростовская область ;Южный ;61312;1812
527;Лесосибирск ;Красноярский край ;Сибирский ;61146;1975
235;Гусь-Хрустальный ;Владимирская область ;Центральный ;60773;1756
1057;Чистополь ;Татарстан ;Приволжский ;60703;18 век
728;Павлово ;Нижегородская область ;Приволжский ;60699;1566
1056;Чехов ;Московская область ;Центральный ;60677;1175
456;Котлас ;Архангельская область ;Северо-Западный ;60562;1890
81;Белебей ;Башкортостан ;Приволжский ;60183;1715
346;Искитим ;Новосибирская область ;Сибирский ;60072;1717
474;Краснотурьинск ;Свердловская область ;Уральский ;59701;1758
33;Апатиты ;Мурманская область ;Северо-Западный ;59690;1926
186;Всеволожск ;Ленинградская область ;Северо-Западный ;59689;1892
783;Прохладный ;Кабардино-Балкария ;Северо-Кавказский ;59595;1765
592;Михайловка ;Волгоградская область ;Южный ;59153;1762
28;Анапа ;Краснодарский край ;Южный ;58983;1781
958;Тихвин ;Ленинградская область ;Северо-Западный ;58843;1383
154;Верхняя Пышма ;Свердловская область ;Уральский ;58707;1854
840;Свободный ;Амурская область ;Дальневосточный ;58594;1912
331;Ивантеевка ;Московская область ;Центральный ;58594;1564
1082;Шуя ;Ивановская область ;Центральный ;58528;1394
425;Когалым ;Ханты-Мансийский АО — Югра ;Уральский ;58192;1975
1083;Щёкино ;Тульская область ;Центральный ;58154;1870
292;Жигулёвск ;Самарская область ;Приволжский ;57565;1949
483;Крымск ;Краснодарский край ;Южный ;57370;1862
196;Вязьма ;Смоленская область ;Центральный ;57103;1239
161;Видное ;Московская область ;Центральный ;56798;1949
44;Арсеньев ;Приморский край ;Дальневосточный ;56742;1902
335;Избербаш ;Дагестан ;Северо-Кавказский ;56301;1932
189;Выкса ;Нижегородская область ;Приволжский ;56196;1757
532;Лиски ;Воронежская область ;Центральный ;55864;16 век
172;Волжск ;Марий Эл ;Приволжский ;55671;16 век
469;Краснокаменск ;Забайкальский край ;Сибирский ;55668;1967
1020;Фрязино ;Московская область ;Центральный ;55449;1584
991;Узловая ;Тульская область ;Центральный ;55282;1873
543;Лыткарино ;Московская область ;Центральный ;55147;15 век
691;Нягань ;Ханты-Мансийский АО — Югра ;Уральский ;54903;1965
804;Рославль ;Смоленская область ;Центральный ;54898;1137
207;Геленджик ;Краснодарский край ;Южный ;54813;1831
127;Боровичи ;Новгородская область ;Северо-Западный ;54731;15 век
957;Тимашёвск ;Краснодарский край ;Южный ;53921;1794
91;Белореченск ;Краснодарский край ;Южный ;53891;1862
886;Солнечногорск ;Московская область ;Центральный ;52996;18 век
617;Назарово ;Красноярский край ;Сибирский ;52829;1700
408;Кириши ;Ленинградская область ;Северо-Западный ;52826;1693
1047;Черемхово ;Иркутская область ;Сибирский ;52650;1772
470;Краснокамск ;Пермский край ;Приволжский ;52632;1929
525;Лесной ;Свердловская область ;Уральский ;52464;1947
193;Вышний Волочёк ;Тверская область ;Центральный ;52326;1471
134;Бугуруслан ;Оренбургская область ;Приволжский ;52249;1748
98;Берёзовский ;Свердловская область ;Уральский ;51583;1748
67;Балахна ;Нижегородская область ;Приволжский ;51526;1399
528;Ливны ;Орловская область ;Центральный ;50430;1586
262;Донецк ;Ростовская область ;Южный ;50085;1681
846;Североморск ;Мурманская область ;Северо-Западный ;50076;1896
833;Саяногорск ;Хакасия ;Сибирский ;49889;1975
400;Кимры ;Тверская область ;Центральный ;49623;1546
571;Мегион ;Ханты-Мансийский АО — Югра ;Уральский ;49471;1810
398;Кизляр ;Дагестан ;Северо-Кавказский ;49169;1735
998;Урус-Мартан ;Чечня ;Северо-Кавказский ;49071;18 век
875;Снежинск ;Челябинская область ;Уральский ;48896;1957
401;Кингисепп ;Ленинградская область ;Северо-Западный ;48667;1384
498;Курганинск ;Краснодарский край ;Южный ;47974;1855
1074;Шелехов ;Иркутская область ;Сибирский ;47960;1953
598;Можга ;Удмуртия ;Приволжский ;47959;1835
862;Сертолово ;Ленинградская область ;Северо-Западный ;47854;1936
1112;Ярцево ;Смоленская область ;Центральный ;47853;1610
1066;Шали ;Чечня ;Северо-Кавказский ;47715;1378 или 1384
724;Отрадный ;Самарская область ;Приволжский ;47709;1920-е
967;Торжок ;Тверская область ;Центральный ;47702;9-10 века
813;Рузаевка ;Мордовия ;Приволжский ;47529;1631
178;Волхов ;Ленинградская область ;Северо-Западный ;47344;1918
97;Берёзовский ;Кемеровская область ;Сибирский ;47292;1965
491;Куйбышев ;Новосибирская область ;Сибирский ;47278;1722
250;Дзержинский ;Московская область ;Центральный ;47125;1380-е
312;Заринск ;Алтайский край ;Сибирский ;47035;1979
223;Грязи ;Липецкая область ;Центральный ;46798;1868
1062;Чусовой ;Пермский край ;Приволжский ;46740;1878
616;Надым ;Ямало-Ненецкий АО ;Уральский ;46550;1597
155;Верхняя Салда ;Свердловская область ;Уральский ;46240;1778
832;Сафоново ;Смоленская область ;Центральный ;46116;1859
718;Осинники ;Кемеровская область ;Сибирский ;45997;1926
434;Кольчугино ;Владимирская область ;Центральный ;45804;1871
228;Гудермес ;Чечня ;Северо-Кавказский ;45643;19 век
371;Канаш ;Чувашия ;Приволжский ;45608;1892
798;Рассказово ;Тамбовская область ;Центральный ;45484;1698
831;Сатка ;Челябинская область ;Уральский ;45465;1758
600;Мончегорск ;Мурманская область ;Северо-Западный ;45381;1937
1008;Усть-Кут ;Иркутская область ;Сибирский ;45061;1631
977;Тулун ;Иркутская область ;Сибирский ;44603;1735
1073;Шебекино ;Белгородская область ;Центральный ;44277;1713
902;Спасск-Дальний ;Приморский край ;Дальневосточный ;44166;1886
78;Белая Калитва ;Ростовская область ;Южный ;43688;1703
749;Печора ;Коми ;Северо-Западный ;43458;1940
1041;Чебаркуль ;Челябинская область ;Уральский ;43405;1736
795;Радужный ;Ханты-Мансийский АО — Югра ;Уральский ;43394;1973
1009;Усть-Лабинск ;Краснодарский край ;Южный ;43268;1794
609;Мценск ;Орловская область ;Центральный ;43216;1146
610;Мыски ;Кемеровская область ;Сибирский ;43029;1826
26;Амурск ;Хабаровский край ;Дальневосточный ;42977;1958
505;Курчатов ;Курская область ;Центральный ;42691;1968
389;Качканар ;Свердловская область ;Уральский ;42563;1957
822;Салехард ;Ямало-Ненецкий АО ;Уральский ;42494;1595
286;Ефремов ;Тульская область ;Центральный ;42350;1637
915;Стрежевой ;Томская область ;Сибирский ;42216;1966
11;Аксай ;Ростовская область ;Южный ;41984;1957
739;Переславль-Залесский ;Ярославская область ;Центральный ;41923;1152
54;Ахтубинск ;Астраханская область ;Южный ;41898;1959
391;Кашира ;Московская область ;Центральный ;41880;1356
303;Заинск ;Татарстан ;Приволжский ;41798;1656
366;Камень-на-Оби ;Алтайский край ;Сибирский ;41787;1751
878;Советск ;Калининградская область ;Северо-Западный ;41709;1288
785;Пугачёв ;Саратовская область ;Приволжский ;41705;1764
517;Лангепас ;Ханты-Мансийский АО — Югра ;Уральский ;41675;1980
104;Бирск ;Башкортостан ;Приволжский ;41637;1663
999;Урюпинск ;Волгоградская область ;Южный ;41594;1618
602;Моршанск ;Тамбовская область ;Центральный ;41550;1623
792;Пыть-Ях ;Ханты-Мансийский АО — Югра ;Уральский ;41453;1968
438;Конаково ;Тверская область ;Центральный ;41303;1806
809;Ртищево ;Саратовская область ;Приволжский ;41295;1666
195;Вязники ;Владимирская область ;Центральный ;41252;1608
444;Кореновск ;Краснодарский край ;Южный ;41179;1794
1000;Усинск ;Коми ;Северо-Западный ;41100;1966
980;Тутаев ;Ярославская область ;Центральный ;41001;13 век
479;Красный Сулин ;Ростовская область ;Южный ;40866;1797
834;Саянск ;Иркутская область ;Сибирский ;40786;1970
661;Новодвинск ;Архангельская область ;Северо-Западный ;40612;1936
662;Новозыбков ;Брянская область ;Центральный ;40552;1701
548;Людиново ;Калужская область ;Центральный ;40550;1626
336;Изобильный ;Ставропольский край ;Северо-Кавказский ;40546;1895
566;Мариинск ;Кемеровская область ;Сибирский ;40522;1698
1055;Черняховск ;Калининградская область ;Северо-Западный ;40464;1336
301;Заволжье ;Нижегородская область ;Приволжский ;40265;1950
35;Апшеронск ;Краснодарский край ;Южный ;40229;1863
476;Красноуфимск ;Свердловская область ;Уральский ;39765;1736
449;Коряжма ;Архангельская область ;Северо-Западный ;39629;1535
362;Каменка ;Пензенская область ;Приволжский ;39579;18 век
278;Елизово ;Камчатский край ;Дальневосточный ;39548;1848
1019;Фролово ;Волгоградская область ;Южный ;39489;1859
995;Урай ;Ханты-Мансийский АО — Югра ;Уральский ;39435;1922
123;Большой Камень ;Приморский край ;Дальневосточный ;39257;1947
969;Тосно ;Ленинградская область ;Северо-Западный ;39127;1500
20;Алексеевка ;Белгородская область ;Центральный ;39026;1685
445;Коркино ;Челябинская область ;Уральский ;38950;1795
509;Кыштым ;Челябинская область ;Уральский ;38950;1757
549;Лянтор ;Ханты-Мансийский АО — Югра ;Уральский ;38922;1932
599;Моздок ;Северная Осетия — Алания ;Северо-Кавказский ;38748;1763
800;Реж ;Свердловская область ;Уральский ;38709;1773
732;Партизанск ;Приморский край ;Дальневосточный ;38648;1896
248;Джанкой ;Крым ;Южный ;38622;1784
1067;Шарыпово ;Красноярский край ;Сибирский ;38570;18 век
836;Светлоград ;Ставропольский край ;Северо-Кавказский ;38520;1786
883;Сокол ;Вологодская область ;Северо-Западный ;38454;1615
343;Ирбит ;Свердловская область ;Уральский ;38352;1631
202;Гай ;Оренбургская область ;Приволжский ;38302;1959
14;Алатырь ;Чувашия ;Приволжский ;38202;1552
13;Алапаевск ;Свердловская область ;Уральский ;38198;1639
954;Темрюк ;Краснодарский край ;Южный ;38014;1860
1098;Южноуральск ;Челябинская область ;Уральский ;37890;1948
1013;Учалы ;Башкортостан ;Приволжский ;37771;1955
165;Вичуга ;Ивановская область ;Центральный ;37609;1925
239;Дальнегорск ;Приморский край ;Дальневосточный ;37503;1897
782;Протвино ;Московская область ;Центральный ;37308;1960
589;Мирный ;Якутия ;Дальневосточный ;37179;1955
643;Нижнеудинск ;Иркутская область ;Сибирский ;37056;1648
526;Лесозаводск ;Приморский край ;Дальневосточный ;36975;1932
64;Баксан ;Кабардино-Балкария ;Северо-Кавказский ;36857;1891
99;Беслан ;Северная Осетия — Алания ;Северо-Кавказский ;36724;1847
1107;Ялуторовск ;Тюменская область ;Уральский ;36494;1659
585;Миллерово ;Ростовская область ;Южный ;36493;1786
537;Луга ;Ленинградская область ;Северо-Западный ;36409;1777
397;Кизилюрт ;Дагестан ;Северо-Кавказский ;36187;1963
1021;Фурманов ;Ивановская область ;Центральный ;36149;1918
468;Краснознаменск ;Московская область ;Центральный ;36057;1952
319;Зеленокумск ;Ставропольский край ;Северо-Кавказский ;35790;1781
493;Кулебаки ;Нижегородская область ;Приволжский ;35762;1677-1678
258;Добрянка ;Пермский край ;Приволжский ;35720;1623
372;Кандалакша ;Мурманская область ;Северо-Западный ;35659;11 век
981;Тында ;Амурская область ;Дальневосточный ;35574;1907
941;Тайшет ;Иркутская область ;Сибирский ;35481;1897
938;Тавда ;Свердловская область ;Уральский ;35421;1910
859;Сердобск ;Пензенская область ;Приволжский ;35393;1698
142;Валуйки ;Белгородская область ;Центральный ;35322;1593
230;Гулькевичи ;Краснодарский край ;Южный ;35225;1875
197;Вятские Поляны ;Кировская область ;Приволжский ;35159;1596
347;Истра ;Московская область ;Центральный ;35106;1589
952;Тейково ;Ивановская область ;Центральный ;34993;17 век
4;Абинск ;Краснодарский край ;Южный ;34926;1863
8;Азнакаево ;Татарстан ;Приволжский ;34859;1762
663;Новокубанск ;Краснодарский край ;Южный ;34847;1867
932;Сухой Лог ;Свердловская область ;Уральский ;34836;1710
987;Углич ;Ярославская область ;Центральный ;34505;1148
402;Кинель ;Самарская область ;Приволжский ;34472;1837
107;Благовещенск ;Башкортостан ;Приволжский ;34246;1756
1094;Югорск ;Ханты-Мансийский АО — Югра ;Уральский ;34066;1962
872;Слободской ;Кировская область ;Приволжский ;33983;1505
722;Острогожск ;Воронежская область ;Центральный ;33842;1652
971;Трёхгорный ;Челябинская область ;Уральский ;33678;1952
871;Сланцы ;Ленинградская область ;Северо-Западный ;33587;1934
448;Корсаков ;Сахалинская область ;Дальневосточный ;33526;1853
384;Касимов ;Рязанская область ;Центральный ;33494;1152
1080;Шумерля ;Чувашия ;Приволжский ;33412;1916
605;Муравленко ;Ямало-Ненецкий АО ;Уральский ;33401;1984
1054;Чернушка ;Пермский край ;Приволжский ;33275;1854
895;Сосновоборск ;Красноярский край ;Сибирский ;33090;1971
507;Кушва ;Свердловская область ;Уральский ;33027;1735
439;Кондопога ;Карелия ;Северо-Западный ;32978;1563
48;Артёмовский ;Свердловская область ;Уральский ;32878;1665
1069;Шатура ;Московская область ;Центральный ;32836;1423
109;Благодарный ;Ставропольский край ;Северо-Кавказский ;32736;1782
71;Балтийск ;Калининградская область ;Северо-Западный ;32670;1626
660;Нововоронеж ;Воронежская область ;Центральный ;32635;1957
688;Нурлат ;Татарстан ;Приволжский ;32600;1905
322;Зима ;Иркутская область ;Сибирский ;32522;1743
453;Котельники ;Московская область ;Центральный ;32347;17 век
778;Приморско-Ахтарск ;Краснодарский край ;Южный ;32253;1854
909;Старая Русса ;Новгородская область ;Северо-Западный ;32235;1167
341;Инта ;Коми ;Северо-Западный ;32021;1940
56;Аша ;Челябинская область ;Уральский ;31916;1898
112;Богородицк ;Тульская область ;Центральный ;31897;1663
409;Киров ;Калужская область ;Центральный ;31888;1745
458;Котовск ;Тамбовская область ;Центральный ;31851;1940
807;Ростов ;Ярославская область ;Центральный ;31791;862
111;Богданович ;Свердловская область ;Уральский ;31752;1885
200;Гагарин ;Смоленская область ;Центральный ;31721;1705
623;Нарткала ;Кабардино-Балкария ;Северо-Кавказский ;31679;1913
146;Великий Устюг ;Вологодская область ;Северо-Западный ;31664;1147
568;Маркс ;Саратовская область ;Приволжский ;31535;1918
597;Можайск ;Московская область ;Центральный ;31388;1231
125;Борзя ;Забайкальский край ;Сибирский ;31376;1899
529;Ликино-Дулёво ;Московская область ;Центральный ;31331;1930
270;Дюртюли ;Башкортостан ;Приволжский ;31272;1795
743;Петровск ;Саратовская область ;Приволжский ;31158;1698
376;Карабулак ;Ингушетия ;Северо-Кавказский ;31081;1859
559;Малгобек ;Ингушетия ;Северо-Кавказский ;31076;1934
989;Удомля ;Тверская область ;Центральный ;31048;1478
1032;Холмск ;Сахалинская область ;Дальневосточный ;30936;1870
489;Кудымкар ;Пермский край ;Приволжский ;30711;1579
215;Городец ;Нижегородская область ;Приволжский ;30699;12 век
237;Дагестанские Огни ;Дагестан ;Северо-Кавказский ;30671;1914
1005;Усть-Джегута ;Карачаево-Черкесия ;Северо-Кавказский ;30602;1868
153;Верхний Уфалей ;Челябинская область ;Уральский ;30504;1761
562;Малоярославец ;Калужская область ;Центральный ;30401;1402
867;Скопин ;Рязанская область ;Центральный ;30374;1676
868;Славгород ;Алтайский край ;Сибирский ;30370;1910
590;Мирный ;Архангельская область ;Северо-Западный ;30259;1957
72;Барабинск ;Новосибирская область ;Сибирский ;30250;1893
280;Еманжелинск ;Челябинская область ;Уральский ;30218;1931
890;Сорочинск ;Оренбургская область ;Приволжский ;30136;1737
219;Горячий Ключ ;Краснодарский край ;Южный ;30093;1868
406;Киржач ;Владимирская область ;Центральный ;30044;1332
540;Луховицы ;Московская область ;Центральный ;29849;1594
247;Десногорск ;Смоленская область ;Центральный ;29677;1974
850;Сегежа ;Карелия ;Северо-Западный ;29660;1914
37;Аргун ;Чечня ;Северо-Кавказский ;29528;18 век
271;Дятьково ;Брянская область ;Центральный ;29438;1626
459;Кохма ;Ивановская область ;Центральный ;29408;1619
326;Знаменск ;Астраханская область ;Южный ;29357;1948
244;Дедовск ;Московская область ;Центральный ;29280;1911
847;Североуральск ;Свердловская область ;Уральский ;29279;1758
383;Карталы ;Челябинская область ;Уральский ;29136;1810
382;Карпинск ;Свердловская область ;Уральский ;29118;1759
24;Алушта ;Крым ;Южный ;29078;6 век
377;Карасук ;Новосибирская область ;Сибирский ;28929;1912
414;Кировск ;Мурманская область ;Северо-Западный ;28659;1929
966;Топки ;Кемеровская область ;Сибирский ;28642;1914
16;Алейск ;Алтайский край ;Сибирский ;28528;1913
399;Кимовск ;Тульская область ;Центральный ;28493;17 век
451;Костомукша ;Карелия ;Северо-Западный ;28433;1977
251;Дивногорск ;Красноярский край ;Сибирский ;28271;1956
233;Гусев ;Калининградская область ;Северо-Западный ;28260;16 век
770;Похвистнево ;Самарская область ;Приволжский ;28181;1888
830;Сасово ;Рязанская область ;Центральный ;28117;1642
897;Сосногорск ;Коми ;Северо-Западный ;27809;1939
881;Советская Гавань ;Хабаровский край ;Дальневосточный ;27712;1853
638;Нефтекумск ;Ставропольский край ;Северо-Кавказский ;27700;1958
601;Морозовск ;Ростовская область ;Южный ;27644;1910
765;Полысаево ;Кемеровская область ;Сибирский ;27624;1989
240;Дальнереченск ;Приморский край ;Дальневосточный ;27601;1859
225;Губаха ;Пермский край ;Приволжский ;27544;1755
76;Бахчисарай ;Крым ;Южный ;27448;1532
573;Медногорск ;Оренбургская область ;Приволжский ;27253;1933
702;Октябрьск ;Самарская область ;Приволжский ;27244;1684
140;Бутурлиновка ;Воронежская область ;Центральный ;27208;1740
1108;Янаул ;Башкортостан ;Приволжский ;26988;1914
512;Лабытнанги ;Ямало-Ненецкий АО ;Уральский ;26948;1890
354;Калач-на-Дону ;Волгоградская область ;Южный ;26892;1708
370;Камышлов ;Свердловская область ;Уральский ;26875;1668
320;Зерноград ;Ростовская область ;Южный ;26850;1929
985;Уварово ;Тамбовская область ;Центральный ;26829;1699
311;Заречный ;Свердловская область ;Уральский ;26803;1955
657;Новоалександровск ;Ставропольский край ;Северо-Кавказский ;26759;1804
554;Майский ;Кабардино-Балкария ;Северо-Кавказский ;26755;19 век
945;Тара ;Омская область ;Сибирский ;26664;1594
668;Новопавловск ;Ставропольский край ;Северо-Кавказский ;26556;1777
882;Советский ;Ханты-Мансийский АО — Югра;Уральский ;26434;1963
65;Балабаново ;Калужская область ;Центральный ;26337;1584
803;Родники ;Ивановская область ;Центральный ;26318;1606
887;Соль-Илецк ;Оренбургская область ;Приволжский ;26308;1754
461;Красноармейск ;Московская область ;Центральный ;26294;1928
471;Красноперекопск ;Крым ;Южный ;26268;1932
994;Унеча ;Брянская область ;Центральный ;26196;1887
486;Кувандык ;Оренбургская область ;Приволжский ;26176;19 век
697;Обь ;Новосибирская область ;Сибирский ;26137;1934
290;Железногорск-Илимский ;Иркутская область ;Сибирский ;26134;1948
948;Татарск ;Новосибирская область ;Сибирский ;26114;1894
342;Ипатово ;Ставропольский край ;Северо-Кавказский ;26055;1860
854;Семилуки ;Воронежская область ;Центральный ;26025;1615
345;Исилькуль ;Омская область ;Сибирский ;25905;1895
701;Озёры ;Московская область ;Центральный ;25788;1834
138;Буй ;Костромская область ;Центральный ;25763;1536
299;Заводоуковск ;Тюменская область ;Уральский ;25657;1729
413;Кировск ;Ленинградская область ;Северо-Западный ;25633;1931
53;Аткарск ;Саратовская область ;Приволжский ;25620;18 век
51;Асино ;Томская область ;Сибирский ;25614;1896
404;Киреевск ;Тульская область ;Центральный ;25585;1762
113;Богородск ;Нижегородская область ;Приволжский ;25497;1570
940;Тайга ;Кемеровская область ;Сибирский ;25330;1896
629;Невьянск ;Свердловская область ;Уральский ;25147;1701
819;Саки ;Крым ;Южный ;25146;1952
729;Павловск ;Воронежская область ;Центральный ;25126;1709
321;Зея ;Амурская область ;Дальневосточный ;25042;1879
455;Котельнич ;Кировская область ;Приволжский ;24979;1143
475;Красноуральск ;Свердловская область ;Уральский ;24973;1925
523;Ленск ;Якутия ;Дальневосточный ;24955;1663
232;Гурьевск ;Кемеровская область ;Сибирский ;24816;1816
309;Зарайск ;Московская область ;Центральный ;24648;1146
77;Бежецк ;Тверская область ;Центральный ;24517;1137
287;Железноводск ;Ставропольский край ;Северо-Кавказский ;24496;1810
852;Семёнов ;Нижегородская область ;Приволжский ;24472;1644
462;Красноармейск ;Саратовская область ;Приволжский ;24362;1765
433;Колпашево ;Томская область ;Сибирский ;24126;17 век
457;Котово ;Волгоградская область ;Южный ;24104;1710-е
236;Давлеканово ;Башкортостан ;Приволжский ;24040;18 век
355;Калачинск ;Омская область ;Сибирский ;24000;1952
916;Строитель ;Белгородская область ;Центральный ;23933;1958
147;Вельск ;Архангельская область ;Северо-Западный ;23885;1137
853;Семикаракорск ;Ростовская область ;Южный ;23884;1672
723;Отрадное ;Ленинградская область ;Северо-Западный ;23874;1708
378;Карачаевск ;Карачаево-Черкесия ;Северо-Кавказский ;23848;1926
1018;Фокино ;Приморский край ;Дальневосточный ;23683;1891
844;Северобайкальск ;Бурятия ;Сибирский ;23673;1974
1068;Шарья ;Костромская область ;Центральный ;23668;1906
709;Омутнинск ;Кировская область ;Приволжский ;23618;1773
1007;Усть-Катав ;Челябинская область ;Уральский ;23586;1758
119;Бологое ;Тверская область ;Центральный ;23499;1495
176;Волоколамск ;Московская область ;Центральный ;23386;1135
227;Губкинский ;Ямало-Ненецкий АО ;Уральский ;23340;1986
234;Гусиноозёрск ;Бурятия ;Сибирский ;23280;1939
949;Таштагол ;Кемеровская область ;Сибирский ;23114;1939
706;Оленегорск ;Мурманская область ;Северо-Западный ;23079;1949
725;Оха ;Сахалинская область ;Дальневосточный ;23007;1908
485;Кубинка ;Московская область ;Центральный ;22918;15 век
163;Вилючинск ;Камчатский край ;Дальневосточный ;22905;1968
630;Нелидово ;Тверская область ;Центральный ;22886;1900
632;Нерехта ;Костромская область ;Центральный ;22817;1214
651;Николаевск-на-Амуре ;Хабаровский край ;Дальневосточный ;22773;1850
149;Верещагино ;Пермский край ;Приволжский ;22760;1898
504;Курчалой ;Чечня ;Северо-Кавказский ;22723;2018
645;Нижний Ломов ;Пензенская область ;Приволжский ;22678;1636
536;Лосино-Петровский ;Московская область ;Центральный ;22550;1708
524;Лермонтов ;Ставропольский край ;Северо-Кавказский ;22540;1953
164;Вихоревка ;Иркутская область ;Сибирский ;22528;1957
653;Никольск ;Пензенская область ;Приволжский ;22471;1761
717;Оса ;Пермский край ;Приволжский ;22420;1591
315;Зверево ;Ростовская область ;Южный ;22416;1819
693;Няндома ;Архангельская область ;Северо-Западный ;22354;1898
268;Дудинка ;Красноярский край ;Сибирский ;22207;1667
1088;Электрогорск ;Московская область ;Центральный ;22120;1912
59;Бавлы ;Татарстан ;Приволжский ;22109;1658
580;Менделеевск ;Татарстан ;Приволжский ;22075;1868
43;Армянск ;Крым ;Южный ;21987;1736
411;Кировград ;Свердловская область ;Уральский ;21959;1661
358;Калтан ;Кемеровская область ;Сибирский ;21893;1946
541;Лысково ;Нижегородская область ;Приволжский ;21882;1410
908;Старая Купавна ;Московская область ;Центральный ;21859;14 век
501;Куровское ;Московская область ;Центральный ;21821;1646
817;Ряжск ;Рязанская область ;Центральный ;21676;1502
720;Остров ;Псковская область ;Северо-Западный ;21670;1341
1033;Хотьково ;Московская область ;Центральный ;21612;1308
649;Нижняя Тура ;Свердловская область ;Уральский ;21596;1754
1023;Хадыженск ;Краснодарский край ;Южный ;21580;1864
751;Пикалёво ;Ленинградская область ;Северо-Западный ;21567;1620
961;Тогучин ;Новосибирская область ;Сибирский ;21531;1867
544;Льгов ;Курская область ;Центральный ;21452;1152
284;Ершов ;Саратовская область ;Приволжский ;21447;1893
857;Сергач ;Нижегородская область ;Приволжский ;21387;1649
837;Светлый ;Калининградская область ;Северо-Западный ;21380;1640
710;Онега ;Архангельская область ;Северо-Западный ;21359;1137
1071;Шахунья ;Нижегородская область ;Приволжский ;21337;1921
424;Ковылкино ;Мордовия ;Приволжский ;21307;1892
624;Нарьян-Мар ;Ненецкий АО ;Северо-Западный ;21296;1929
15;Алдан ;Якутия ;Дальневосточный ;21277;1924
808;Рошаль ;Московская область ;Центральный ;21265;1916
429;Козьмодемьянск ;Марий Эл ;Приволжский ;21262;1583
131;Бронницы ;Московская область ;Центральный ;21102;1453
242;Данков ;Липецкая область ;Центральный ;21056;1563
535;Лодейное Поле ;Ленинградская область ;Северо-Западный ;21053;1702
114;Боготол ;Красноярский край ;Сибирский ;21029;1893
982;Тырныауз ;Кабардино-Балкария ;Северо-Кавказский ;21000;1934
519;Лебедянь ;Липецкая область ;Центральный ;20991;1605
1052;Черноголовка ;Московская область ;Центральный ;20986;1710
63;Бакал ;Челябинская область ;Уральский ;20953;1757
12;Алагир ;Северная Осетия — Алания ;Северо-Кавказский ;20949;1850
3;Абдулино ;Оренбургская область ;Приволжский ;20663;1795
935;Сысерть ;Свердловская область ;Уральский ;20594;1732
928;Суровикино ;Волгоградская область ;Южный ;20527;1744
796;Райчихинск ;Амурская область ;Дальневосточный ;20499;1932
454;Котельниково ;Волгоградская область ;Южный ;20441;1897
946;Тарко-Сале ;Ямало-Ненецкий АО ;Уральский ;20372;1932
905;Среднеуральск ;Свердловская область ;Уральский ;20357;1931
137;Буинск ;Татарстан ;Приволжский ;20342;1691
93;Белоярский ;Ханты-Мансийский АО — Югра ;Уральский ;20283;1969
396;Кизел ;Пермский край ;Приволжский ;20277;1750
781;Пролетарск ;Ростовская область ;Южный ;20267;17 век
435;Коммунар ;Ленинградская область ;Северо-Западный ;20265;1840-е
790;Пущино ;Московская область ;Центральный ;20263;1956
1090;Электроугли ;Московская область ;Центральный ;20120;1899
353;Калач ;Воронежская область ;Центральный ;20046;1716
510;Кяхта ;Бурятия ;Сибирский ;20013;1727
1077;Шимановск ;Амурская область ;Дальневосточный ;19815;1910
110;Бобров ;Воронежская область ;Центральный ;19738;1698
379;Карачев ;Брянская область ;Центральный ;19715;1146
1100;Юрьев-Польский ;Владимирская область ;Центральный ;19588;1152
682;Новый Оскол ;Белгородская область ;Центральный ;19530;1647
877;Собинка ;Владимирская область ;Центральный ;19482;1858
1048;Черепаново ;Новосибирская область ;Сибирский ;19346;1912
654;Никольское ;Ленинградская область ;Северо-Западный ;19345;1710
666;Новомичуринск ;Рязанская область ;Центральный ;19309;1968
6;Агрыз ;Татарстан ;Приволжский ;19299;1646
892;Сортавала ;Карелия ;Северо-Западный ;19215;1468
955;Терек ;Кабардино-Балкария ;Северо-Кавказский ;19170;1876
689;Нытва ;Пермский край ;Приволжский ;19041;1756
911;Стародуб ;Брянская область ;Центральный ;19010;1080
919;Суворов ;Тульская область ;Центральный ;18975;1949
779;Приозерск ;Ленинградская область ;Северо-Западный ;18929;12 век
422;Ковдор ;Мурманская область ;Северо-Западный ;18836;1953
506;Куса ;Челябинская область ;Уральский ;18792;1778
39;Ардон ;Северная Осетия — Алания ;Северо-Кавказский ;18774;1824
282;Енисейск ;Красноярский край ;Сибирский ;18769;1619
1001;Усмань ;Липецкая область ;Центральный ;18752;1645
636;Нефтегорск ;Самарская область ;Приволжский ;18732;1960
759;Подпорожье ;Ленинградская область ;Северо-Западный ;18729;1936
744;Петровск-Забайкальский ;Забайкальский край ;Сибирский ;18555;1789
338;Инза ;Ульяновская область ;Приволжский ;18547;1897
873;Слюдянка ;Иркутская область ;Сибирский ;18542;1899
34;Апрелевка ;Московская область ;Центральный ;18467;1899
815;Рыбное ;Рязанская область ;Центральный ;18378;1597
943;Талица ;Свердловская область ;Уральский ;18339;1732
296;Жуковка ;Брянская область ;Центральный ;18269;1871
794;Радужный ;Владимирская область ;Центральный ;18212;1971
1025;Харабали ;Астраханская область ;Южный ;18209;1789
427;Козельск ;Калужская область ;Центральный ;18203;12 век
45;Арск ;Татарстан ;Приволжский ;18114;13 век
1110;Яровое ;Алтайский край ;Сибирский ;18085;1943
719;Осташков ;Тверская область ;Центральный ;18073;14 век
979;Туринск ;Свердловская область ;Уральский ;17990;1600
1043;Чегем ;Кабардино-Балкария ;Северо-Кавказский ;17988;1822
648;Нижняя Салда ;Свердловская область ;Уральский ;17969;1760
771;Почеп ;Брянская область ;Центральный ;17933;1447
851;Сельцо ;Брянская область ;Центральный ;17933;1870-е
441;Константиновск ;Ростовская область ;Южный ;17926;1864
659;Новоаннинский ;Волгоградская область ;Южный ;17911;1956
1081;Шумиха ;Курганская область ;Уральский ;17821;1892
199;Гаврилов-Ям ;Ярославская область ;Центральный ;17792;1545
332;Ивдель ;Свердловская область ;Уральский ;17764;1831
761;Покров ;Владимирская область ;Центральный ;17762;1506
62;Баймак ;Башкортостан ;Приволжский ;17710;1748
492;Кукмор ;Татарстан ;Приволжский ;17700;1741
757;Поворино ;Воронежская область ;Центральный ;17692;1870
387;Катав-Ивановск ;Челябинская область ;Уральский ;17640;1755
565;Мантурово ;Костромская область ;Центральный ;17479;1617
210;Голицыно ;Московская область ;Центральный ;17447;1872
129;Бородино ;Красноярский край ;Сибирский ;17423;1949
575;Межгорье ;Башкортостан ;Приволжский ;17353;1979
203;Галич ;Костромская область ;Центральный ;17346;1159
755;Пласт ;Челябинская область ;Уральский ;17344;1940
767;Полярный ;Мурманская область ;Северо-Западный ;17304;1896
1109;Яранск ;Кировская область ;Приволжский ;17252;1584
416;Кирсанов ;Тамбовская область ;Центральный ;17240;1702
101;Бикин ;Хабаровский край ;Дальневосточный ;17156;1895
74;Барыш ;Ульяновская область ;Приволжский ;17149;17 век
463;Красновишерск ;Пермский край ;Приволжский ;17129;1894
1;Абаза ;Хакасия ;Сибирский ;17111;1867
171;Волгореченск ;Костромская область ;Центральный ;17108;1964
503;Куртамыш ;Курганская область ;Уральский ;17098;1745
760;Покачи ;Ханты-Мансийский АО — Югра ;Уральский ;17053;1984
1086;Щигры ;Курская область ;Центральный ;17043;18 век
675;Новоузенск ;Саратовская область ;Приволжский ;17015;1760
385;Касли ;Челябинская область ;Уральский ;16998;1747
120;Болотное ;Новосибирская область ;Сибирский ;16969;1805
294;Жирновск ;Волгоградская область ;Южный ;16890;18 век
1113;Ясногорск ;Тульская область ;Центральный ;16804;1578
775;Приволжск ;Ивановская область ;Центральный ;16749;1484
440;Кондрово ;Калужская область ;Центральный ;16672;1615
117;Бокситогорск ;Ленинградская область ;Северо-Западный ;16593;1929
879;Советск ;Кировская область ;Приволжский ;16592;12 век
920;Судак ;Крым ;Южный ;16492;212
581;Мензелинск ;Татарстан ;Приволжский ;16474;1586
768;Поронайск ;Сахалинская область ;Дальневосточный ;16461;1869
357;Калининск ;Саратовская область ;Приволжский ;16442;1680
614;Навашино ;Нижегородская область ;Приволжский ;16413;1957
314;Звенигород ;Московская область ;Центральный ;16395;1152
5;Агидель ;Башкортостан ;Приволжский ;16365;1980
86;Белогорск ;Крым ;Южный ;16354;13 век
626;Невель ;Псковская область ;Северо-Западный ;16324;1562
931;Сухиничи ;Калужская область ;Центральный ;16295;18 век
368;Камызяк ;Астраханская область ;Южный ;16291;1560
754;Плавск ;Тульская область ;Центральный ;16248;1563
390;Кашин ;Тверская область ;Центральный ;16174;1238
1060;Чудово ;Новгородская область ;Северо-Западный ;16148;16 век
337;Иланский ;Красноярский край ;Сибирский ;16108;1646
141;Валдай ;Новгородская область ;Северо-Западный ;16099;15 век
1114;Ясный ;Оренбургская область ;Приволжский ;16082;1961
990;Ужур ;Красноярский край ;Сибирский ;16079;1760
676;Новоульяновск ;Ульяновская область ;Приволжский ;16032;1957
472;Краснослободск ;Волгоградская область ;Южный ;16007;1870
731;Палласовка ;Волгоградская область ;Южный ;15984;1907
838;Светогорск ;Ленинградская область ;Северо-Западный ;15973;1887
741;Пестово ;Новгородская область ;Северо-Западный ;15911;1918
241;Данилов ;Ярославская область ;Центральный ;15861;15 век
308;Заполярный ;Мурманская область ;Северо-Западный ;15835;1956
516;Лакинск ;Владимирская область ;Центральный ;15707;15 век
816;Рыльск ;Курская область ;Центральный ;15667;1152
572;Медвежьегорск ;Карелия ;Северо-Западный ;15536;1916
224;Грязовец ;Вологодская область ;Северо-Западный ;15528;1538
521;Ленинск ;Волгоградская область ;Южный ;15527;1802
243;Дегтярск ;Свердловская область ;Уральский ;15521;1914
496;Купино ;Новосибирская область ;Сибирский ;15448;1886
116;Бодайбо ;Иркутская область ;Сибирский ;15331;1864
148;Венёв ;Тульская область ;Центральный ;15220;1371
291;Жердевка ;Тамбовская область ;Центральный ;15211;1745
578;Меленки ;Владимирская область ;Центральный ;15208;18 век
748;Петушки ;Владимирская область ;Центральный ;15167;1861
766;Полярные Зори ;Мурманская область ;Северо-Западный ;15106;1968
650;Николаевск ;Волгоградская область ;Южный ;15081;1747
88;Белокуриха ;Алтайский край ;Сибирский ;15072;1803
1035;Цимлянск ;Ростовская область ;Южный ;15029;1672
18;Александровск ;Пермский край ;Приволжский ;15022;1783
973;Трубчевск ;Брянская область ;Центральный ;15014;975
727;Очёр ;Пермский край ;Приволжский ;15003;1759
633;Нерчинск ;Забайкальский край ;Сибирский ;14976;1653
539;Лукоянов ;Нижегородская область ;Приволжский ;14949;16 век
374;Карабаново ;Владимирская область ;Центральный ;14868;1630
426;Кодинск ;Красноярский край ;Сибирский ;14835;1977
281;Емва ;Коми ;Северо-Западный ;14574;1941
735;Первомайск ;Нижегородская область ;Приволжский ;14567;19 век
194;Вяземский ;Хабаровский край ;Дальневосточный ;14556;1894
864;Сим ;Челябинская область ;Уральский ;14465;1759
563;Мамадыш ;Татарстан ;Приволжский ;14432;1391
478;Красный Кут ;Саратовская область ;Приволжский ;14420;1837
917;Струнино ;Владимирская область ;Центральный ;14372;1492
267;Дубовка ;Волгоградская область ;Южный ;14345;1732
513;Лагань ;Калмыкия ;Южный ;14323;1870
36;Арамиль ;Свердловская область ;Уральский ;14227;1675
1095;Южа ;Ивановская область ;Центральный ;14170;1628
738;Пересвет ;Московская область ;Центральный ;14142;1948
388;Катайск ;Курганская область ;Уральский ;14017;1655
218;Гороховец ;Владимирская область ;Центральный ;14015;1158
1076;Шилка ;Забайкальский край ;Сибирский ;13947;1897
82;Белёв ;Тульская область ;Центральный ;13918;1147
238;Далматово ;Курганская область ;Уральский ;13913;1644
205;Гвардейск ;Калининградская область ;Северо-Западный ;13888;1255
1017;Фокино ;Брянская область ;Центральный ;13874;1899
360;Калязин ;Тверская область ;Центральный ;13870;1434
942;Талдом ;Московская область ;Центральный ;13819;1929
937;Сясьстрой ;Ленинградская область ;Северо-Западный ;13747;1926
839;Свирск ;Иркутская область ;Сибирский ;13649;19 век
61;Байкальск ;Иркутская область ;Сибирский ;13589;1961
696;Обоянь ;Курская область ;Центральный ;13562;1639
488;Кудрово ;Ленинградская область ;Северо-Западный ;13501;1926
812;Руза ;Московская область ;Центральный ;13495;1328
1034;Цивильск ;Чувашия ;Приволжский ;13478;1589
10;Ак-Довурак ;Тыва ;Сибирский ;13469;1964
466;Краснозаводск ;Московская область ;Центральный ;13432;1916
1079;Шлиссельбург ;Ленинградская область ;Северо-Западный ;13305;1323
742;Петров Вал ;Волгоградская область ;Южный ;13264;1942
1115;Яхрома ;Московская область ;Центральный ;13248;1841
596;Могоча ;Забайкальский край ;Сибирский ;13228;1910
1028;Хвалынск ;Саратовская область ;Приволжский ;13199;1556
375;Карабаш ;Челябинская область ;Уральский ;13151;1822
367;Камешково ;Владимирская область ;Центральный ;13113;1892
394;Кемь ;Карелия ;Северо-Западный ;13061;14 век
27;Анадырь ;Чукотский АО ;Дальневосточный ;13053;1889
214;Горняк ;Алтайский край ;Сибирский ;13040;1942
968;Торопец ;Тверская область ;Центральный ;13018;1074
317;Зеленоградск ;Калининградская область ;Северо-Западный ;13015;1252
41;Аркадак ;Саратовская область ;Приволжский ;12846;1721
876;Снежногорск ;Мурманская область ;Северо-Западный ;12698;1970
7;Адыгейск ;Адыгея ;Южный ;12689;1973
1014;Уяр ;Красноярский край ;Сибирский ;12666;1760
443;Кораблино ;Рязанская область ;Центральный ;12657;1676
1040;Чаплыгин ;Липецкая область ;Центральный ;12656;1638
405;Киренск ;Иркутская область ;Сибирский ;12652;1630
988;Удачный ;Якутия ;Дальневосточный ;12611;1967
1102;Юрюзань ;Челябинская область ;Уральский ;12568;1758
70;Балей ;Забайкальский край ;Сибирский ;12536;1736
704;Окуловка ;Новгородская область ;Северо-Западный ;12464;1851
558;Малая Вишера ;Новгородская область ;Северо-Западный ;12461;1843
692;Нязепетровск ;Челябинская область ;Уральский ;12452;1747
231;Гурьевск ;Калининградская область ;Северо-Западный ;12433;1262
656;Новая Ляля ;Свердловская область ;Уральский ;12400;1903
893;Сосенский ;Калужская область ;Центральный ;12394;1952
1059;Чкаловск ;Нижегородская область ;Приволжский ;12371;12 век
187;Вуктыл ;Коми ;Северо-Западный ;12357;1968
213;Горнозаводск ;Пермский край ;Приволжский ;12334;1947
996;Урень ;Нижегородская область ;Приволжский ;12311;1719
750;Печоры ;Псковская область ;Северо-Западный ;12308;1473
128;Боровск ;Калужская область ;Центральный ;12283;1358
533;Лихославль ;Тверская область ;Центральный ;12259;1624
260;Долинск ;Сахалинская область ;Дальневосточный ;12200;1884
177;Волосово ;Ленинградская область ;Северо-Западный ;12162;1870
295;Жуков ;Калужская область ;Центральный ;12150;17 век
891;Сорск ;Хакасия ;Сибирский ;12140;1940-е
619;Называевск ;Омская область ;Сибирский ;12119;1910
57;Бабаево ;Вологодская область ;Северо-Западный ;12074;15 век
983;Тюкалинск ;Омская область ;Сибирский ;12050;1759
300;Заволжск ;Ивановская область ;Центральный ;12045;19 век
1061;Чулым ;Новосибирская область ;Сибирский ;11964;1762
894;Сосновка ;Кировская область ;Приволжский ;11960;1699
313;Звенигово ;Марий Эл ;Приволжский ;11945;1860
986;Углегорск ;Сахалинская область ;Дальневосточный ;11880;20 век
922;Судогда ;Владимирская область ;Центральный ;11848;1552
152;Верхний Тагил ;Свердловская область ;Уральский ;11843;1716
265;Дрезна ;Московская область ;Центральный ;11815;1897
115;Богучар ;Воронежская область ;Центральный ;11811;1704
631;Неман ;Калининградская область ;Северо-Западный ;11794;1277
591;Михайлов ;Рязанская область ;Центральный ;11783;1137
627;Невельск ;Сахалинская область ;Дальневосточный ;11682;1946
926;Сураж ;Брянская область ;Центральный ;11640;17 век
183;Ворсма ;Нижегородская область ;Приволжский ;11622;16 век
481;Кремёнки ;Калужская область ;Центральный ;11617;18 век
711;Опочка ;Псковская область ;Северо-Западный ;11601;1414
956;Тетюши ;Татарстан ;Приволжский ;11596;1578
1029;Хилок ;Забайкальский край ;Сибирский ;11530;1895
753;Питкяранта ;Карелия ;Северо-Западный ;11484;19 век
298;Завитинск ;Амурская область ;Дальневосточный ;11481;1906
122;Болхов ;Орловская область ;Центральный ;11421;1196
1093;Эртиль ;Воронежская область ;Центральный ;11387;1897
621;Нариманов ;Астраханская область ;Южный ;11386;1963
747;Петухово ;Курганская область ;Уральский ;11291;1779
538;Луза ;Кировская область ;Приволжский ;11262;1899
304;Закаменск ;Бурятия ;Сибирский ;11249;1934
79;Белая Холуница ;Кировская область ;Приволжский ;11232;1764
89;Беломорск ;Карелия ;Северо-Западный ;11217;12 век
644;Нижние Серги ;Свердловская область ;Уральский ;11217;1743
306;Заозёрск ;Мурманская область ;Северо-Западный ;11206;1958
328;Зуевка ;Кировская область ;Приволжский ;11198;1899
201;Гаджиево ;Мурманская область ;Северо-Западный ;11089;1957
361;Камбарка ;Удмуртия ;Приволжский ;11028;1767
752;Пионерский ;Калининградская область ;Северо-Западный ;11017;1254
221;Гремячинск ;Пермский край ;Приволжский ;11005;1941
1087;Щучье ;Курганская область ;Уральский ;10971;1750
1064;Шагонар ;Тыва ;Сибирский ;10958;1888
252;Дигора ;Северная Осетия — Алания ;Северо-Кавказский ;10856;1852
835;Светлогорск ;Калининградская область ;Северо-Западный ;10775;1258
584;Микунь ;Коми ;Северо-Западный ;10732;1937
264;Дорогобуж ;Смоленская область ;Центральный ;10720;1150
305;Заозёрный ;Красноярский край ;Сибирский ;10683;1776
190;Высоковск ;Московская область ;Центральный ;10642;1864
1084;Щёлкино ;Крым ;Южный ;10620;1978
380;Каргат ;Новосибирская область ;Сибирский ;10620;18 век
19;Александровск-Сахалинский ;Сахалинская область ;Дальневосточный ;10613;1869
769;Порхов ;Псковская область ;Северо-Западный ;10608;1239
325;Змеиногорск ;Алтайский край ;Сибирский ;10569;1736
923;Суздаль ;Владимирская область ;Центральный ;10535;999
192;Вытегра ;Вологодская область ;Северо-Западный ;10490;1710
430;Кола ;Мурманская область ;Северо-Западный ;10447;1517
415;Кирс ;Кировская область ;Приволжский ;10420;1729
283;Ермолино ;Калужская область ;Центральный ;10409;1601
428;Козловка ;Чувашия ;Приволжский ;10355;1671
889;Сольцы ;Новгородская область ;Северо-Западный ;10317;1390
162;Вилюйск ;Якутия ;Дальневосточный ;10233;1634
997;Уржум ;Кировская область ;Приволжский ;10213;1584
615;Наволоки ;Ивановская область ;Центральный ;10207;1775
1101;Юрьевец ;Ивановская область ;Центральный ;10205;1225
588;Миньяр ;Челябинская область ;Уральский ;10195;1771
567;Мариинский Посад ;Чувашия ;Приволжский ;10186;1620
690;Нюрба ;Якутия ;Дальневосточный ;10156;1824
473;Краснослободск ;Мордовия ;Приволжский ;10151;1571
381;Каргополь ;Архангельская область ;Северо-Западный ;10148;1146
279;Ельня ;Смоленская область ;Центральный ;10095;1150
1026;Харовск ;Вологодская область ;Северо-Западный ;10078;1903
1097;Южно-Сухокумск ;Дагестан ;Северо-Кавказский ;10048;1958
811;Рудня ;Смоленская область ;Центральный ;10029;1363
179;Волчанск ;Свердловская область ;Уральский ;10008;1956
487;Кувшиново ;Тверская область ;Центральный ;10008;1910
175;Володарск ;Нижегородская область ;Приволжский ;9924;1932
640;Нея ;Костромская область ;Центральный ;9827;1906
329;Ивангород ;Ленинградская область ;Северо-Западный ;9797;1492
970;Тотьма ;Вологодская область ;Северо-Западный ;9784;1137
925;Суоярви ;Карелия ;Северо-Западный ;9763;16 век
786;Пудож ;Карелия ;Северо-Западный ;9698;1382
302;Задонск ;Липецкая область ;Центральный ;9695;1615
947;Таруса ;Калужская область ;Центральный ;9656;1246
121;Болохово ;Тульская область ;Центральный ;9619;16 век
87;Белозерск ;Вологодская область ;Северо-Западный ;9614;862
1104;Ядрин ;Чувашия ;Приволжский ;9614;1590
217;Городовиковск ;Калмыкия;Южный ;9565;1872
866;Сковородино ;Амурская область ;Дальневосточный ;9561;1908
685;Нолинск ;Кировская область ;Приволжский ;9556;1668
762;Покровск ;Якутия ;Дальневосточный ;9495;1682
705;Олёкминск ;Якутия ;Дальневосточный ;9487;1635
1010;Устюжна ;Вологодская область ;Северо-Западный ;9478;1252
156;Верхняя Тура ;Свердловская область ;Уральский ;9468;1737
151;Верхнеуральск ;Челябинская область ;Уральский ;9459;1734
38;Ардатов ;Мордовия ;Приволжский ;9400;1671
694;Облучье ;Еврейская АО ;Дальневосточный ;9379;1911
307;Западная Двина ;Тверская область ;Центральный ;9376;1900
856;Серафимович ;Волгоградская область ;Южный ;9368;1589
912;Старый Крым ;Крым ;Южный ;9277;13 век
593;Михайловск ;Свердловская область ;Уральский ;9215;1805
737;Перевоз ;Нижегородская область ;Приволжский ;9201;16 век
450;Костерёво ;Владимирская область ;Центральный ;9136;1890
951;Теберда ;Карачаево-Черкесия ;Северо-Кавказский ;9097;1868
257;Дно ;Псковская область ;Северо-Западный ;9061;1897
707;Олонец ;Карелия ;Северо-Западный ;9060;1137
1037;Чадан ;Тыва ;Сибирский ;9037;1873
105;Бирюсинск ;Иркутская область ;Сибирский ;8981;1967
160;Ветлуга ;Нижегородская область ;Приволжский ;8956;1606
655;Новая Ладога ;Ленинградская область ;Северо-Западный ;8890;1704
157;Верхотурье ;Свердловская область ;Уральский ;8815;1597
772;Починок ;Смоленская область ;Центральный ;8776;1868
531;Липки ;Тульская область ;Центральный ;8741;17 век
436;Комсомольск ;Ивановская область ;Центральный ;8693;1931
340;Инсар ;Мордовия ;Приволжский ;8687;1648
118;Болгар ;Татарстан ;Приволжский ;8650;1781
910;Старица ;Тверская область ;Центральный ;8610;1297
788;Пучеж ;Ивановская область ;Центральный ;8583;1594
83;Белинский ;Пензенская область ;Приволжский ;8567;1708
652;Никольск ;Вологодская область ;Северо-Западный ;8515;14 век
32;Анива ;Сахалинская область ;Дальневосточный ;8449;1886
92;Белоусово ;Калужская область ;Центральный ;8432;1962
557;Макушино ;Курганская область ;Уральский ;8337;1797
574;Медынь ;Калужская область ;Центральный ;8298;1386
560;Малмыж ;Кировская область ;Приволжский ;8265;15 век
30;Андреаполь ;Тверская область ;Центральный ;8265;1907
821;Салаир ;Кемеровская область ;Сибирский ;8263;1626
673;Новосокольники ;Псковская область ;Северо-Западный ;8119;1901
936;Сычёвка ;Смоленская область ;Центральный ;8111;1488
216;Городище ;Пензенская область ;Приволжский ;8102;1681
964;Томмот ;Якутия ;Дальневосточный ;8054;1923
570;Мглин ;Брянская область ;Центральный ;7916;1387
106;Бирюч ;Белгородская область ;Центральный ;7842;1705
518;Лахденпохья ;Карелия ;Северо-Западный ;7818;1600
23;Алупка ;Крым ;Южный ;7771;960
564;Мамоново ;Калининградская область ;Северо-Западный ;7757;1301
903;Спасск-Рязанский ;Рязанская область ;Центральный ;7745;1629
407;Кириллов ;Вологодская область ;Северо-Западный ;7735;1397
515;Лаишево ;Татарстан ;Приволжский ;7735;1557
254;Дмитриев ;Курская область ;Центральный ;7721;1779
143;Велиж ;Смоленская область ;Центральный ;7620;1536
726;Оханск ;Пермский край ;Приволжский ;7597;1547
764;Полесск ;Калининградская область ;Северо-Западный ;7580;1258
880;Советск ;Тульская область ;Центральный ;7537;1949
901;Спасск ;Пензенская область ;Приволжский ;7442;17 век
245;Демидов ;Смоленская область ;Центральный ;7333;1499
159;Весьегонск ;Тверская область ;Центральный ;7330;1564
849;Севск ;Брянская область ;Центральный ;7282;1146
953;Темников ;Мордовия ;Приволжский ;7247;12 век
556;Макарьев ;Костромская область ;Центральный ;7114;1439
1103;Юхнов ;Калужская область ;Центральный ;7056;1410
929;Сурск ;Пензенская область ;Приволжский ;7032;1849
460;Красавино ;Вологодская область ;Северо-Западный ;7003;1848
715;Орлов ;Кировская область ;Приволжский ;6959;1459
855;Сенгилей ;Ульяновская область ;Приволжский ;6959;1666
327;Зубцов ;Тверская область ;Центральный ;6937;1216
906;Сретенск ;Забайкальский край ;Сибирский ;6850;1689
678;Новохопёрск ;Воронежская область ;Центральный ;6849;1710
500;Курлово ;Владимирская область ;Центральный ;6791;1811
555;Макаров ;Сахалинская область ;Дальневосточный ;6788;1892
363;Каменногорск ;Ленинградская область ;Северо-Западный ;6761;1597
606;Мураши ;Кировская область ;Приволжский ;6752;1895
22;Алзамай ;Иркутская область ;Сибирский ;6751;1899
421;Княгинино ;Нижегородская область ;Приволжский ;6708;1569
1072;Шацк ;Рязанская область ;Центральный ;6562;1553
884;Солигалич ;Костромская область ;Центральный ;6438;1335
198;Гаврилов Посад ;Ивановская область ;Центральный ;6434;1434
60;Багратионовск ;Калининградская область ;Северо-Западный ;6399;1336
841;Себеж ;Псковская область ;Северо-Западный ;6375;1414
220;Грайворон ;Белгородская область ;Центральный ;6234;1678
1036;Циолковский ;Амурская область ;Дальневосточный ;6208;1961
333;Игарка ;Красноярский край ;Сибирский ;6183;1929
777;Приморск ;Ленинградская область ;Северо-Западный ;6122;1268
773;Пошехонье ;Ярославская область ;Центральный ;6085;1680
1078;Шиханы ;Саратовская область ;Приволжский ;6067;1928
921;Суджа ;Курская область ;Центральный ;6036;16 век
256;Дмитровск ;Орловская область ;Центральный ;5956;1711
612;Мышкин ;Ярославская область ;Центральный ;5932;15 век
900;Спас-Клепики ;Рязанская область ;Центральный ;5917;16 век
447;Короча ;Белгородская область ;Центральный ;5877;1637
930;Сусуман ;Магаданская область ;Дальневосточный ;5865;1938
791;Пыталово ;Псковская область ;Северо-Западный ;5826;1782
1075;Шенкурск ;Архангельская область ;Северо-Западный ;5702;1137
1003;Усолье ;Пермский край ;Приволжский ;5694;1606
480;Красный Холм ;Тверская область ;Центральный ;5608;1518
293;Жиздра ;Калужская область ;Центральный ;5585;1146
547;Любим ;Ярославская область ;Центральный ;5553;1538
324;Злынка ;Брянская область ;Центральный ;5507;1702
102;Билибино ;Чукотский АО ;Дальневосточный ;5504;1955
1015;Фатеж ;Курская область ;Центральный ;5404;16 век
150;Верея ;Московская область ;Центральный ;5368;1371
1063;Чухлома ;Костромская область ;Центральный ;5209;1381
978;Туран ;Тыва ;Сибирский ;4988;1885
1046;Чердынь ;Пермский край ;Приволжский ;4920;1451
899;Спас-Деменск ;Калужская область ;Центральный ;4904;1446
351;Кадников ;Вологодская область ;Северо-Западный ;4797;1492
699;Озёрск ;Калининградская область ;Северо-Западный ;4740;1539
787;Пустошка ;Псковская область ;Северо-Западный ;4619;1901
869;Славск ;Калининградская область ;Северо-Западный ;4614;1292
635;Нестеров ;Калининградская область ;Северо-Западный ;4584;1539
58;Бабушкин ;Бурятия ;Сибирский ;4542;1760
963;Томари ;Сахалинская область ;Дальневосточный ;4537;1870
206;Гдов ;Псковская область ;Северо-Западный ;4379;14 век
269;Духовщина ;Смоленская область ;Центральный ;4370;1675
774;Правдинск ;Калининградская область ;Северо-Западный ;4323;1312
603;Мосальск ;Калужская область ;Центральный ;4285;1231
545;Любань ;Ленинградская область ;Северо-Западный ;4188;1499
733;Певек ;Чукотский АО ;Дальневосточный ;4161;1933
582;Мещовск ;Калужская область ;Центральный ;4101;1238
1051;Чёрмоз ;Пермский край ;Приволжский ;4017;1701
561;Малоархангельск ;Орловская область ;Центральный ;3872;17 век
1031;Холм ;Новгородская область ;Северо-Западный ;3829;1144
672;Новосиль ;Орловская область ;Центральный ;3799;1155
514;Ладушкин ;Калининградская область ;Северо-Западный ;3788;1314
94;Белый ;Тверская область ;Центральный ;3771;1350
669;Новоржев ;Псковская область ;Северо-Западный ;3695;1777
577;Мезень ;Архангельская область ;Северо-Западный ;3599;16 век
904;Среднеколымск ;Якутия ;Дальневосточный ;3525;1643
467;Краснознаменск ;Калининградская область ;Северо-Западный ;3522;1576
431;Кологрив ;Костромская область ;Центральный ;3314;17 век
551;Магас ;Ингушетия ;Северо-Кавказский ;2505;1995
888;Сольвычегодск ;Архангельская область ;Северо-Западный ;2460;14 век
392;Кедровый ;Томская область ;Сибирский ;2451;1982
843;Северо-Курильск ;Сахалинская область ;Дальневосточный ;2381;1875
756;Плёс ;Ивановская область ;Центральный ;2341;1410
211;Горбатов ;Нижегородская область ;Приволжский ;2278;16 век
47;Артёмовск ;Красноярский край ;Сибирский ;2180;1700
721;Островной ;Мурманская область ;Северо-Западный ;2177;1611
499;Курильск ;Сахалинская область ;Дальневосточный ;2070;18 век
776;Приморск ;Калининградская область ;Северо-Западный ;1956;1268
158;Верхоянск ;Якутия ;Дальневосточный ;1311;1638
191;Высоцк ;Ленинградская область ;Северо-Западный ;1244;1532
1044;Чекалин ;Тульская область ;Центральный ;994;1565
339;Иннополис ;Татарстан ;Приволжский ;96;2012
